STANFORDRATE,BERKELEYRATE,STANFORDRATECOMP,BERKELEYRATECOMP,NTRIALS,NSUCCESSES,SAMPLESIZE,THRESHOLD,BERNOULLISOLNA,BERNOULLISOLNB,BERNOULLISOLNCPROBBOTHBERKWORK,BERNOULLISOLNCPROBBOTHWORK,BERNOULLISOLNCWITHOUT,BERNOULLISOLNCWITH,NORMALMEAN,NORMALVAR,NORMALSTD,THRESHOLDCC,NORMALZ,BERNOULLISOLND,FISHRATE,FISHSCALE,FISHOFFSET,FISHEQUIV,FISHNUM,FISHPROD,FISHUSERSPROB,FISHDATAPROB,VISITORSA,VISITORSOFFSET,DPROB,DZEROLAMBA,DONELAMBA,DZEROLAMBB,DONELAMBB,VISITORSTOTAL,DZEROLAMBSUM,DONELAMBSUM,PROBDZERO,PROBSUMTOT,FLIPONE,FLIPTWO,FLIPTHREE,FLOPRATE,FLOPBOUND,FLOPBOUNDMINUSONE,SMALLEST,SECONDSMALLEST,PROBSMALLEST,PROBSECONDSMALLEST,FLOPSCALAR,EFLIP,EFLOP
62,59,38,41,16,7,540,330,0.0428,0.029120463,0.3481,0.354323,0.66866842,0.66867196,334.8,127.22,11.28,330.5,0.3812,0.6485,3,5,-1,4,20,15,0.0418,0.168,6,-1,0.3,5,8,3,6,12,8,14,0.7364,0.0632,4,10,20,10,13,12,2,8,0.7916,0.0695,2,22.4767,10.9533
62,60,38,40,13,10,540,330,0.0456,0.101318877,0.36,0.364212,0.67274975,0.67275332,334.8,127.22,11.28,330.5,0.3812,0.6485,3,5,0,3,15,15,0.1024,0.224,6,-1,0.3,5,9,3,7,13,8,16,0.7893,0.0451,4,10,25,11,12,11,1,8,0.5793,0.1402,1,34.1632,29.3265
62,61,38,39,14,11,530,320,0.0484,0.081663015,0.3721,0.374238,0.67673293,0.67673652,328.6,124.87,11.17,320.5,0.7249,0.7657,3,5,1,2,10,15,0.0486,0.224,6,-1,0.3,5,10,3,8,14,8,18,0.844,0.0315,4,10,30,10,11,10,3,8,0.583,0.139,3,39.2333,34.4666
62,82,38,18,16,8,510,310,0.1414,0.061087287,0.6724,0.616225,0.74266693,0.7426707,316.2,120.16,10.96,310.5,0.52,0.6985,3,4,-1,4,16,12,0.0543,0.168,6,-1,0.3,6,8,4,6,13,10,14,0.7542,0.0828,4,10,35,11,13,12,2,8,0.6887,0.1038,2,36.5744,24.1489
62,83,38,17,12,8,510,310,0.1475,0.150238709,0.6889,0.629245,0.7451466,0.74515037,316.2,120.16,10.96,310.5,0.52,0.6985,3,4,0,3,12,12,0.1144,0.224,6,-1,0.3,6,9,4,7,14,10,16,0.8045,0.0644,4,10,40,10,12,11,1,8,0.6968,0.1011,1,39.2499,24.4998
62,84,38,16,18,11,510,300,0.1539,0.115789374,0.7056,0.642402,0.74757924,0.747583,316.2,120.16,10.96,300.5,1.4323,0.924,3,4,1,2,8,12,0.0655,0.224,6,-1,0.3,6,10,4,8,15,10,18,0.856,0.0479,4,10,45,11,11,10,3,8,0.4599,0.18,3,65.646,72.2919
62,85,38,15,19,8,510,300,0.1604,0.016577073,0.7225,0.655695,0.74996614,0.7499699,316.2,120.16,10.96,300.5,1.4323,0.924,3,6,-1,4,24,18,0.0328,0.168,6,-1,0.3,7,8,5,6,14,12,14,0.74,0.0951,4,10,50,10,13,12,2,8,0.7916,0.0695,2,41.4267,18.8534
62,86,38,14,17,7,510,300,0.1672,0.017705242,0.7396,0.669124,0.7523086,0.75231235,316.2,120.16,10.96,300.5,1.4323,0.924,3,6,0,3,18,18,0.0936,0.224,6,-1,0.3,7,9,5,7,15,12,16,0.7924,0.0804,4,10,55,11,12,11,1,8,0.5793,0.1402,1,60.0581,51.1161
62,87,38,13,13,7,510,300,0.174,0.097975024,0.7569,0.682689,0.75460781,0.75461157,316.2,120.16,10.96,300.5,1.4323,0.924,3,6,1,2,12,18,0.0368,0.224,6,-1,0.3,7,10,5,8,16,12,18,0.8465,0.0645,4,10,60,10,11,10,3,8,0.583,0.139,3,64.9605,55.921
62,88,38,12,12,5,510,300,0.1811,0.034590558,0.7744,0.69639,0.75686498,0.75686872,316.2,120.16,10.96,300.5,1.4323,0.924,3,10,-1,4,40,30,0.0139,0.168,6,-1,0.4,5,8,3,6,12,8,14,0.6423,0.0682,4,10,65,11,13,12,2,8,0.6887,0.1038,2,58.3547,37.7094
62,89,38,11,18,8,510,300,0.1884,0.026659035,0.7921,0.710227,0.75908122,0.75908496,316.2,120.16,10.96,300.5,1.4323,0.924,3,10,0,3,30,30,0.0726,0.224,6,-1,0.4,5,9,3,7,13,8,16,0.7066,0.0503,4,10,70,10,12,11,1,8,0.6968,0.1011,1,60.7776,37.5552
62,90,38,10,19,11,510,300,0.1958,0.098999915,0.81,0.724201,0.76125764,0.76126138,316.2,120.16,10.96,300.5,1.4323,0.924,3,10,1,2,20,30,0.0134,0.224,6,-1,0.4,5,10,3,8,14,8,18,0.7767,0.0363,4,10,75,11,11,10,3,8,0.4599,0.18,3,98.2625,107.5251
63,59,37,41,14,7,530,330,0.0455,0.064167216,0.3481,0.356409,0.664754,0.66475752,333.9,123.54,11.11,330.5,0.3059,0.6202,3,8,-1,4,32,24,0.0211,0.168,6,-1,0.4,6,8,4,6,13,10,14,0.6636,0.0861,4,10,80,10,13,12,2,8,0.7916,0.0695,2,60.3767,26.7534
63,60,37,40,14,10,530,330,0.0484,0.131983133,0.36,0.366328,0.66886505,0.66886859,333.9,123.54,11.11,330.5,0.3059,0.6202,3,8,0,3,24,24,0.0812,0.224,6,-1,0.4,6,9,4,7,14,10,16,0.7257,0.0685,4,10,85,11,12,11,1,8,0.5793,0.1402,1,85.9529,72.9057
63,61,37,39,16,10,520,320,0.0514,0.126479436,0.3721,0.376382,0.67287769,0.67288126,327.6,121.21,11.01,320.5,0.6449,0.7405,3,8,1,2,16,24,0.0219,0.224,6,-1,0.4,6,10,4,8,15,10,18,0.7926,0.0523,4,10,90,10,11,10,3,8,0.583,0.139,3,90.6877,77.3755
63,82,37,18,15,6,500,300,0.1484,0.016267578,0.6724,0.618975,0.7393667,0.73937047,315,116.55,10.8,300.5,1.3431,0.9104,3,12,-1,4,48,36,0.0094,0.168,6,-1,0.4,7,8,5,6,14,12,14,0.6466,0.0967,4,11,20,11,14,13,3,8,0.7813,0.0729,3,23.8988,12.7976
63,83,37,17,20,12,500,300,0.1548,0.103781219,0.6889,0.632025,0.74186968,0.74187344,315,116.55,10.8,300.5,1.3431,0.9104,3,12,0,3,36,36,0.0663,0.224,6,-1,0.4,7,9,5,7,15,12,16,0.7105,0.0831,4,11,25,12,13,12,2,8,0.576,0.1413,2,35.7243,31.4486
63,84,37,16,13,8,500,300,0.1614,0.136288182,0.7056,0.64521,0.74432534,0.7443291,315,116.55,10.8,300.5,1.3431,0.9104,3,12,1,2,24,36,0.0084,0.224,6,-1,0.4,7,10,5,8,16,12,18,0.78,0.0679,4,11,30,11,12,11,1,8,0.5793,0.1402,1,39.3422,33.6844
63,85,37,15,19,10,500,300,0.1682,0.062235182,0.7225,0.658532,0.74673501,0.74673877,315,116.55,10.8,300.5,1.3431,0.9104,4,5,-1,5,25,20,0.0446,0.1563,6,-1,0.6,5,8,3,6,12,8,14,0.4439,0.0783,4,11,35,12,14,13,3,8,0.6815,0.1062,3,38.1819,26.3637
63,86,37,14,17,12,500,300,0.1751,0.118407127,0.7396,0.67199,0.74909995,0.74910371,315,116.55,10.8,300.5,1.3431,0.9104,4,5,0,4,20,20,0.0888,0.1954,6,-1,0.6,5,9,3,7,13,8,16,0.5169,0.0607,4,11,40,11,13,12,2,8,0.6887,0.1038,2,40.9305,26.861
63,87,37,13,12,9,500,300,0.1822,0.130663432,0.7569,0.685584,0.7514214,0.75142515,315,116.55,10.8,300.5,1.3431,0.9104,4,5,1,3,15,20,0.0516,0.1954,6,-1,0.6,5,10,3,8,14,8,18,0.6072,0.0461,4,11,45,12,12,11,1,8,0.4616,0.1795,1,65.4917,70.9834
63,88,37,12,17,11,500,300,0.1895,0.127491272,0.7744,0.699314,0.75370052,0.75370428,315,116.55,10.8,300.5,1.3431,0.9104,4,3,-1,5,15,12,0.0724,0.1563,6,-1,0.6,6,8,4,6,13,10,14,0.4672,0.0928,4,11,50,11,14,13,3,8,0.7813,0.0729,3,43.0978,21.1956
63,89,37,11,17,9,500,300,0.197,0.070673611,0.7921,0.71318,0.75593847,0.75594222,315,116.55,10.8,300.5,1.3431,0.9104,4,3,0,4,12,12,0.1144,0.1954,6,-1,0.6,6,9,4,7,14,10,16,0.5403,0.0766,4,11,55,12,13,12,2,8,0.576,0.1413,2,61.7676,53.5351
63,90,37,10,20,9,500,300,0.2046,0.021023368,0.81,0.727182,0.75813634,0.75814009,315,116.55,10.8,300.5,1.3431,0.9104,4,3,1,3,9,12,0.0874,0.1954,6,-1,0.6,6,10,4,8,15,10,18,0.6294,0.061,4,11,60,11,12,11,1,8,0.5793,0.1402,1,65.237,55.474
64,59,36,41,17,11,520,330,0.0483,0.128623044,0.3481,0.358502,0.66087386,0.66087735,332.8,119.81,10.95,330.5,0.2101,0.5832,4,6,-1,5,30,24,0.0363,0.1563,6,-1,0.6,7,8,5,6,14,12,14,0.4485,0.0998,4,11,65,12,14,13,3,8,0.6815,0.1062,3,60.191,40.382
64,60,36,40,16,10,520,330,0.0513,0.125608441,0.36,0.368449,0.66501389,0.66501741,332.8,119.81,10.95,330.5,0.2101,0.5832,4,6,0,4,24,24,0.0812,0.1954,6,-1,0.6,7,9,5,7,15,12,16,0.5216,0.0885,4,11,70,11,13,12,2,8,0.6887,0.1038,2,62.7108,40.4215
64,61,36,39,18,8,510,320,0.0545,0.02001427,0.3721,0.378533,0.66905531,0.66905885,326.4,117.5,10.84,320.5,0.5443,0.7069,4,6,1,3,18,24,0.0412,0.1954,6,-1,0.6,7,10,5,8,16,12,18,0.6117,0.0748,4,11,75,12,12,11,1,8,0.4616,0.1795,1,97.9876,105.9751
64,82,36,18,12,7,490,300,0.1557,0.122861071,0.6724,0.621732,0.73608842,0.73609218,313.6,112.9,10.63,300.5,1.2329,0.8912,4,10,-1,5,50,40,0.0177,0.1563,6,-1,0.7,5,8,3,6,12,8,14,0.3391,0.0833,4,11,80,11,14,13,3,8,0.7813,0.0729,3,62.2968,29.5936
64,83,36,17,15,7,490,300,0.1623,0.03725934,0.6889,0.63481,0.73861432,0.73861809,313.6,112.9,10.63,300.5,1.2329,0.8912,4,10,0,4,40,40,0.0629,0.1954,6,-1,0.7,5,9,3,7,13,8,16,0.4076,0.0659,4,11,85,12,13,12,2,8,0.576,0.1413,2,87.8108,75.6216
64,84,36,16,20,13,490,300,0.1691,0.11933952,0.7056,0.648025,0.74109264,0.74109641,313.6,112.9,10.63,300.5,1.2329,0.8912,4,10,1,3,30,40,0.0185,0.1954,6,-1,0.7,5,10,3,8,14,8,18,0.4985,0.0509,4,11,90,11,12,11,1,8,0.5793,0.1402,1,91.1318,77.2636
64,85,36,15,20,12,490,300,0.176,0.10069272,0.7225,0.661375,0.74352471,0.74352847,313.6,112.9,10.63,300.5,1.2329,0.8912,4,8,-1,5,40,32,0.0249,0.1563,6,-1,0.7,6,8,4,6,13,10,14,0.3605,0.0961,4,12,20,8,12,11,1,8,0.8881,0.0373,1,20.7685,5.5371
64,86,36,14,20,10,490,300,0.1832,0.038939763,0.7396,0.674862,0.74591179,0.74591556,313.6,112.9,10.63,300.5,1.2329,0.8912,4,8,0,4,32,32,0.0703,0.1954,6,-1,0.7,6,9,4,7,14,10,16,0.4304,0.0807,4,12,25,9,11,10,3,8,0.706,0.098,3,30.5373,20.0746
64,87,36,13,14,9,490,300,0.1905,0.140187992,0.7569,0.688485,0.74825512,0.74825888,313.6,112.9,10.63,300.5,1.2329,0.8912,4,8,1,3,24,32,0.0271,0.1954,6,-1,0.7,6,10,4,8,15,10,18,0.5219,0.0654,4,12,30,8,10,9,2,8,0.7166,0.0945,2,33.0949,20.1898
64,88,36,12,19,11,490,300,0.198,0.091087165,0.7744,0.702244,0.75055588,0.75055963,313.6,112.9,10.63,300.5,1.2329,0.8912,4,12,-1,5,60,48,0.0128,0.1563,6,-1,0.7,7,8,5,6,14,12,14,0.3433,0.1013,4,12,35,9,12,11,1,8,0.803,0.0657,1,32.2556,13.5112
64,89,36,11,13,6,490,300,0.2057,0.042650343,0.7921,0.716139,0.7528152,0.75281896,313.6,112.9,10.63,300.5,1.2329,0.8912,4,12,0,4,48,48,0.0575,0.1954,6,-1,0.7,7,9,5,7,15,12,16,0.4121,0.0912,4,12,40,8,11,10,3,8,0.8159,0.0614,3,35.8185,15.6371
64,90,36,10,15,9,490,300,0.2135,0.117757914,0.81,0.73017,0.7550342,0.75503795,313.6,112.9,10.63,300.5,1.2329,0.8912,4,12,1,3,36,48,0.0128,0.1954,6,-1,0.7,7,10,5,8,16,12,18,0.5032,0.0782,4,12,45,9,10,9,2,8,0.5874,0.1375,2,52.923,44.846
65,59,35,41,16,10,510,320,0.0512,0.123864232,0.3481,0.3606,0.65702759,0.65703105,331.5,116.02,10.77,320.5,1.0212,0.8464,5,4,-1,6,24,20,0.0557,0.1462,6,-1,0.8,5,8,3,6,12,8,14,0.2304,0.0884,4,12,50,8,12,11,1,8,0.8881,0.0373,1,37.659,9.318
65,60,35,40,20,13,510,320,0.0544,0.119860771,0.36,0.370577,0.66119591,0.6611994,331.5,116.02,10.77,320.5,1.0212,0.8464,5,4,0,5,20,20,0.0888,0.1755,6,-1,0.8,5,9,3,7,13,8,16,0.2864,0.071,4,12,55,9,11,10,3,8,0.706,0.098,3,51.7841,32.5682
65,61,35,39,12,7,500,320,0.0577,0.118953081,0.3721,0.380689,0.66526541,0.66526893,325,113.75,10.67,320.5,0.4219,0.6635,5,4,1,4,16,20,0.0646,0.1755,6,-1,0.8,5,10,3,8,14,8,18,0.367,0.0558,4,12,60,8,10,9,2,8,0.7166,0.0945,2,54.0264,32.0528
65,82,35,18,14,9,480,300,0.163,0.140003528,0.6724,0.624495,0.73283189,0.73283566,312,109.2,10.45,300.5,1.1005,0.8644,5,3,-1,6,18,15,0.0706,0.1462,6,-1,0.8,6,8,4,6,13,10,14,0.2474,0.0994,4,12,65,9,12,11,1,8,0.803,0.0657,1,50.9353,20.8707
65,83,35,17,18,12,480,300,0.1699,0.129404341,0.6889,0.637602,0.73538034,0.73538411,312,109.2,10.45,300.5,1.1005,0.8644,5,3,0,5,15,15,0.1024,0.1755,6,-1,0.8,6,9,4,7,14,10,16,0.306,0.0848,4,12,70,8,11,10,3,8,0.8159,0.0614,3,54.2035,22.4069
65,84,35,16,13,9,480,300,0.1769,0.15385003,0.7056,0.650845,0.73788096,0.73788473,312,109.2,10.45,300.5,1.1005,0.8644,5,3,1,4,12,15,0.0829,0.1755,6,-1,0.8,6,10,4,8,15,10,18,0.3891,0.0698,4,12,75,9,10,9,2,8,0.5874,0.1375,2,78.4589,65.9178
65,85,35,15,18,9,480,300,0.184,0.039684194,0.7225,0.664225,0.74033507,0.74033883,312,109.2,10.45,300.5,1.1005,0.8644,5,6,-1,6,36,30,0.0378,0.1462,6,-1,0.8,7,8,5,6,14,12,14,0.2337,0.1029,4,12,80,8,12,11,1,8,0.8881,0.0373,1,54.5494,13.0989
65,86,35,14,20,12,480,300,0.1914,0.096810623,0.7396,0.67774,0.74274394,0.74274771,312,109.2,10.45,300.5,1.1005,0.8644,5,6,0,5,30,30,0.0726,0.1755,6,-1,0.8,7,9,5,7,15,12,16,0.2902,0.0939,4,12,85,9,11,10,3,8,0.706,0.098,3,73.0309,45.0619
65,87,35,13,16,11,480,300,0.1989,0.138020144,0.7569,0.691392,0.74510882,0.74511258,312,109.2,10.45,300.5,1.1005,0.8644,5,6,1,4,24,30,0.0426,0.1755,6,-1,0.8,7,10,5,8,16,12,18,0.3714,0.0816,4,12,90,8,10,9,2,8,0.7166,0.0945,2,74.9579,43.9157
65,88,35,12,14,8,480,300,0.2066,0.100515353,0.7744,0.70518,0.74743087,0.74743463,312,109.2,10.45,300.5,1.1005,0.8644,5,10,-1,6,60,50,0.0201,0.1462,6,0,0.3,5,8,3,6,13,8,14,0.7364,0.0525,4,13,20,9,13,12,2,8,0.8758,0.0414,2,22.1242,7.2484
65,89,35,11,15,9,480,300,0.2145,0.114336214,0.7921,0.719104,0.74971125,0.74971501,312,109.2,10.45,300.5,1.1005,0.8644,5,10,0,5,50,50,0.0563,0.1755,6,0,0.3,5,9,3,7,14,8,16,0.7893,0.0398,4,13,25,10,12,11,1,8,0.6968,0.1011,1,30.6388,19.2776
65,90,35,10,15,7,480,300,0.2225,0.033150737,0.81,0.733164,0.75195106,0.75195482,312,109.2,10.45,300.5,1.1005,0.8644,5,10,1,4,40,50,0.0215,0.1755,6,0,0.3,5,10,3,8,15,8,18,0.844,0.0299,4,13,30,9,11,10,3,8,0.706,0.098,3,34.7867,22.5733
66,59,34,41,17,8,500,320,0.0542,0.025008507,0.3481,0.362705,0.65321481,0.65321824,33,112.2,10.59,320.5,0.8969,0.8151,5,8,-1,6,48,40,0.0271,0.1462,6,0,0.3,6,8,4,6,14,10,14,0.7542,0.0683,4,13,35,10,13,12,2,8,0.7916,0.0695,2,33.8467,15.6934
66,60,34,40,15,11,500,320,0.0575,0.138462777,0.36,0.37271,0.65741071,0.65741417,33,112.2,10.59,320.5,0.8969,0.8151,5,8,0,5,40,40,0.0629,0.1755,6,0,0.3,6,9,4,7,15,10,16,0.8045,0.0541,4,13,40,9,12,11,1,8,0.803,0.0657,1,35.9915,14.9831
66,61,34,39,18,8,490,320,0.0611,0.014454917,0.3721,0.382852,0.66150762,0.66151111,323.4,109.96,10.49,320.5,0.2766,0.6089,5,8,1,4,32,40,0.0298,0.1755,6,0,0.3,6,10,4,8,16,10,18,0.856,0.0417,4,13,45,10,11,10,3,8,0.583,0.139,3,54.6696,47.3392
66,82,34,18,14,11,470,300,0.1705,0.116355275,0.6724,0.627264,0.72959693,0.72960069,310.2,105.47,10.27,300.5,0.9445,0.8275,5,12,-1,6,72,60,0.0152,0.1462,6,0,0.3,7,8,5,6,15,12,14,0.74,0.0804,4,13,50,9,13,12,2,8,0.8758,0.0414,2,39.2519,11.5038
66,83,34,17,17,8,470,300,0.1776,0.025008507,0.6889,0.6404,0.73216756,0.73217133,310.2,105.47,10.27,300.5,0.9445,0.8275,5,12,0,5,60,60,0.0514,0.1755,6,0,0.3,7,9,5,7,16,12,16,0.7924,0.0678,4,13,55,10,12,11,1,8,0.6968,0.1011,1,52.1665,32.333
66,84,34,16,15,9,470,300,0.1848,0.110236205,0.7056,0.653672,0.73469011,0.73469388,310.2,105.47,10.27,300.5,0.9445,0.8275,5,12,1,4,48,60,0.0158,0.1755,6,0,0.3,7,10,5,8,17,12,18,0.8465,0.0549,4,13,60,9,11,10,3,8,0.706,0.098,3,56.0335,35.067
66,85,34,15,14,11,470,300,0.1922,0.116355275,0.7225,0.66708,0.73716591,0.73716968,310.2,105.47,10.27,300.5,0.9445,0.8275,6,5,-1,7,35,30,0.0453,0.1377,6,0,0.4,5,8,3,6,13,8,14,0.6423,0.0602,4,13,65,10,13,12,2,8,0.7916,0.0695,2,52.7967,23.5934
66,86,34,14,14,10,470,300,0.1997,0.14985149,0.7396,0.680625,0.73959623,0.7396,310.2,105.47,10.27,300.5,0.9445,0.8275,6,5,0,6,30,30,0.0726,0.1606,6,0,0.4,5,9,3,7,14,8,16,0.7066,0.0474,4,13,70,9,12,11,1,8,0.803,0.0657,1,54.6713,22.3426
66,87,34,13,14,6,470,300,0.2074,0.018996496,0.7569,0.694305,0.74198232,0.74198608,310.2,105.47,10.27,300.5,0.9445,0.8275,6,5,1,5,25,30,0.0511,0.1606,6,0,0.4,5,10,3,8,15,8,18,0.7767,0.0368,4,13,75,10,11,10,3,8,0.583,0.139,3,80.3969,68.7937
66,88,34,12,14,6,470,300,0.2153,0.018996496,0.7744,0.708122,0.74432534,0.7443291,310.2,105.47,10.27,300.5,0.9445,0.8275,6,4,-1,7,28,24,0.0548,0.1377,6,0,0.4,6,8,4,6,14,10,14,0.6636,0.0736,4,13,80,9,13,12,2,8,0.8758,0.0414,2,56.3796,15.7592
66,89,34,11,19,11,470,300,0.2233,0.080885764,0.7921,0.722075,0.74662646,0.74663022,310.2,105.47,10.27,300.5,0.9445,0.8275,6,4,0,6,24,24,0.0812,0.1606,6,0,0.4,6,9,4,7,15,10,16,0.7257,0.0605,4,13,85,10,12,11,1,8,0.6968,0.1011,1,73.6942,45.3885
66,90,34,10,20,13,470,300,0.2316,0.119330292,0.81,0.736164,0.74888677,0.74889053,310.2,105.47,10.27,300.5,0.9445,0.8275,6,4,1,5,20,24,0.0624,0.1606,6,0,0.4,6,10,4,8,16,10,18,0.7926,0.0484,4,13,90,9,11,10,3,8,0.706,0.098,3,77.2803,47.5606
67,59,33,41,14,8,490,320,0.0573,0.089991055,0.3481,0.364816,0.64943512,0.64943852,328.3,108.34,10.41,320.5,0.7494,0.7732,6,3,-1,7,21,18,0.0684,0.1377,6,0,0.4,7,8,5,6,15,12,14,0.6466,0.083,4,14,20,10,14,13,3,8,0.8645,0.0452,3,23.4789,8.9579
67,60,33,40,15,11,490,320,0.0608,0.144981526,0.36,0.37485,0.65365792,0.65366136,328.3,108.34,10.41,320.5,0.7494,0.7732,6,3,0,6,18,18,0.0936,0.1606,6,0,0.4,7,9,5,7,16,12,16,0.7105,0.0723,4,14,25,11,13,12,2,8,0.6887,0.1038,2,32.2184,21.4368
67,61,33,39,19,13,480,310,0.0645,0.131440025,0.3721,0.38502,0.65778158,0.65778505,321.6,106.13,10.3,310.5,1.0775,0.8594,6,3,1,5,15,18,0.0786,0.1606,6,0,0.4,7,10,5,8,17,12,18,0.78,0.0604,4,14,30,10,12,11,1,8,0.6968,0.1011,1,34.9443,21.8887
67,82,33,18,12,7,460,300,0.1782,0.109581009,0.6724,0.630039,0.72638335,0.7263871,308.2,101.71,10.08,300.5,0.7635,0.7774,6,10,-1,7,70,60,0.0216,0.1377,6,0,0.6,5,8,3,6,13,8,14,0.4439,0.0754,4,14,35,11,14,13,3,8,0.7813,0.0729,3,35.4182,17.8364
67,83,33,17,14,6,460,300,0.1854,0.0163734,0.6889,0.643204,0.72897579,0.72897955,308.2,101.71,10.08,300.5,0.7635,0.7774,6,10,0,6,60,60,0.0514,0.1606,6,0,0.6,5,9,3,7,14,8,16,0.5169,0.0626,4,14,40,10,13,12,2,8,0.7916,0.0695,2,37.6367,17.2734
67,84,33,16,18,9,460,300,0.1928,0.030696131,0.7056,0.656505,0.73151992,0.73152368,308.2,101.71,10.08,300.5,0.7635,0.7774,6,10,1,5,50,60,0.0233,0.1606,6,0,0.6,5,10,3,8,15,8,18,0.6072,0.0508,4,14,45,11,12,11,1,8,0.5793,0.1402,1,54.8791,46.7582
67,85,33,15,20,12,460,300,0.2004,0.086981628,0.7225,0.669942,0.73401706,0.73402082,308.2,101.71,10.08,300.5,0.7635,0.7774,6,8,-1,7,56,48,0.0283,0.1377,6,0,0.6,6,8,4,6,14,10,14,0.4672,0.0844,4,14,50,10,14,13,3,8,0.8645,0.0452,3,40.8307,13.6614
67,86,33,14,16,12,460,300,0.2081,0.132460394,0.7396,0.683515,0.73646849,0.73647226,308.2,101.71,10.08,300.5,0.7635,0.7774,6,8,0,6,48,48,0.0575,0.1606,6,0,0.6,6,9,4,7,15,10,16,0.5403,0.0734,4,14,55,11,13,12,2,8,0.6887,0.1038,2,53.9987,34.9973
67,87,33,13,12,10,460,300,0.216,0.10917887,0.7569,0.697225,0.73887545,0.73887922,308.2,101.71,10.08,300.5,0.7635,0.7774,6,8,1,5,40,48,0.031,0.1606,6,0,0.6,6,10,4,8,16,10,18,0.6294,0.0617,4,14,60,10,12,11,1,8,0.6968,0.1011,1,56.4721,34.9441
67,88,33,12,20,11,460,300,0.224,0.052362074,0.7744,0.71107,0.74123913,0.74124289,308.2,101.71,10.08,300.5,0.7635,0.7774,6,12,-1,7,84,72,0.0168,0.1377,6,0,0.6,7,8,5,6,15,12,14,0.4485,0.0883,4,14,65,11,14,13,3,8,0.7813,0.0729,3,54.6172,26.2344
67,89,33,11,19,8,460,300,0.2323,0.006531404,0.7921,0.725052,0.74356067,0.74356443,308.2,101.71,10.08,300.5,0.7635,0.7774,6,12,0,6,72,72,0.047,0.1606,6,0,0.6,7,9,5,7,16,12,16,0.5216,0.0812,4,14,70,10,13,12,2,8,0.7916,0.0695,2,56.5867,25.1734
67,90,33,10,18,10,460,290,0.2406,0.062322448,0.81,0.73917,0.74584118,0.74584494,308.2,101.71,10.08,290.5,1.7551,0.9604,6,12,1,5,60,72,0.0178,0.1606,6,0,0.6,7,10,5,8,17,12,18,0.6117,0.0715,4,14,75,11,12,11,1,8,0.5793,0.1402,1,80.7739,68.5478
68,59,32,41,15,8,480,320,0.0606,0.053909888,0.3481,0.366933,0.64568814,0.64569151,326.4,104.45,10.22,320.5,0.5773,0.7181,7,5,-1,8,40,35,0.0447,0.1304,6,0,0.7,5,8,3,6,13,8,14,0.3391,0.0831,4,14,80,10,14,13,3,8,0.8645,0.0452,3,58.1825,18.365
68,60,32,40,19,10,480,320,0.0643,0.03616212,0.36,0.376996,0.64993718,0.64994058,326.4,104.45,10.22,320.5,0.5773,0.7181,7,5,0,7,35,35,0.0673,0.149,6,0,0.7,5,9,3,7,14,8,16,0.4076,0.0702,4,14,85,11,13,12,2,8,0.6887,0.1038,2,75.7789,48.5579
68,61,32,39,20,12,470,310,0.0681,0.081231628,0.3721,0.387195,0.65408693,0.65409037,319.6,102.27,10.11,310.5,0.8998,0.8159,7,5,1,6,30,35,0.0499,0.149,6,0,0.7,5,10,3,8,15,8,18,0.4985,0.0577,4,14,90,10,12,11,1,8,0.6968,0.1011,1,77.9998,47.9996
68,82,32,18,15,7,450,300,0.186,0.022198189,0.6724,0.63282,0.72319094,0.7231947,306,97.92,9.9,300.5,0.5558,0.7108,7,4,-1,8,32,28,0.0535,0.1304,6,0,0.7,6,8,4,6,14,10,14,0.3605,0.0898,4,15,20,11,12,11,1,8,0.5793,0.1402,1,34.1632,29.3265
68,83,32,17,18,13,450,300,0.1934,0.13801175,0.6889,0.646014,0.72580484,0.7258086,306,97.92,9.9,300.5,0.5558,0.7108,7,4,0,7,28,28,0.0752,0.149,6,0,0.7,6,9,4,7,15,10,16,0.4304,0.0799,4,15,25,12,11,10,3,8,0.3472,0.2176,3,64.8587,85.7174
68,84,32,16,12,6,450,300,0.201,0.049045066,0.7056,0.659344,0.7283702,0.72837396,306,97.92,9.9,300.5,0.5558,0.7108,7,4,1,6,24,28,0.0601,0.149,6,0,0.7,6,10,4,8,16,10,18,0.5219,0.0684,4,15,30,11,10,9,2,8,0.3405,0.2198,2,72.9508,96.9015
68,85,32,15,19,8,450,300,0.2087,0.005241744,0.7225,0.67281,0.73088834,0.7308921,306,97.92,9.9,300.5,0.5558,0.7108,7,3,-1,8,24,21,0.0661,0.1304,6,0,0.7,7,8,5,6,15,12,14,0.3433,0.091,4,15,35,12,12,11,1,8,0.4616,0.1795,1,58.9925,63.9851
68,86,32,14,12,5,450,300,0.2166,0.016485736,0.7396,0.686412,0.73336055,0.73336432,306,97.92,9.9,300.5,0.5558,0.7108,7,3,0,7,21,21,0.0867,0.149,6,0,0.7,7,9,5,7,16,12,16,0.4121,0.0857,4,15,40,11,11,10,3,8,0.4599,0.18,3,65.646,72.2919
68,87,32,13,19,12,450,290,0.2247,0.106883721,0.7569,0.70015,0.73578806,0.73579183,306,97.92,9.9,290.5,1.5664,0.9414,7,3,1,6,18,21,0.0747,0.149,6,0,0.7,7,10,5,8,17,12,18,0.5032,0.077,4,15,45,12,10,9,2,8,0.2424,0.2525,2,133.0175,202.0349
68,88,32,12,16,10,450,290,0.2329,0.113603858,0.7744,0.714025,0.73817207,0.73817583,306,97.92,9.9,290.5,1.5664,0.9414,7,6,-1,8,48,42,0.0382,0.1304,6,0,0.8,5,8,3,6,13,8,14,0.2304,0.0907,4,15,50,11,12,11,1,8,0.5793,0.1402,1,60.0581,51.1161
68,89,32,11,12,10,450,290,0.2412,0.119056133,0.7921,0.728035,0.74051372,0.74051748,306,97.92,9.9,290.5,1.5664,0.9414,7,6,0,7,42,42,0.0614,0.149,6,0,0.8,5,9,3,7,14,8,16,0.2864,0.0778,4,15,55,12,11,10,3,8,0.3472,0.2176,3,108.0578,142.1156
68,90,32,10,20,13,450,290,0.2497,0.11507814,0.81,0.742182,0.74281412,0.74281789,306,97.92,9.9,290.5,1.5664,0.9414,7,6,1,6,36,42,0.0423,0.149,6,0,0.8,5,10,3,8,15,8,18,0.367,0.0647,4,15,60,11,10,9,2,8,0.3405,0.2198,2,117.0022,155.0045
69,59,31,41,12,5,470,320,0.064,0.014200095,0.3481,0.369056,0.64197349,0.64197683,324.3,100.53,10.03,320.5,0.379,0.6477,7,10,-1,8,80,70,0.0225,0.1304,6,0,0.8,6,8,4,6,14,10,14,0.2474,0.0952,4,15,65,12,12,11,1,8,0.4616,0.1795,1,91.4884,98.9768
69,60,31,40,19,10,470,320,0.0679,0.031445688,0.36,0.379148,0.64624811,0.64625149,324.3,100.53,10.03,320.5,0.379,0.6477,7,10,0,7,70,70,0.0476,0.149,6,0,0.8,6,9,4,7,15,10,16,0.306,0.0863,4,15,70,11,11,10,3,8,0.4599,0.18,3,98.2625,107.5251
69,61,31,39,18,13,460,310,0.0719,0.142362942,0.3721,0.389376,0.65042333,0.65042674,317.4,98.39,9.92,310.5,0.6956,0.7567,7,10,1,6,60,70,0.0243,0.149,6,0,0.8,6,10,4,8,16,10,18,0.3891,0.0751,4,15,75,12,10,9,2,8,0.2424,0.2525,2,194.9007,295.8013
69,82,31,18,17,9,440,290,0.1939,0.03891472,0.6724,0.635608,0.72001954,0.72002329,303.6,94.12,9.7,290.5,1.3503,0.9115,7,8,-1,8,64,56,0.0288,0.1304,6,0,0.8,7,8,5,6,15,12,14,0.2337,0.0936,4,15,80,11,12,11,1,8,0.5793,0.1402,1,85.9529,72.9057
69,83,31,17,12,8,440,290,0.2015,0.156586184,0.6889,0.64883,0.72265454,0.7226583,303.6,94.12,9.7,290.5,1.3503,0.9115,7,8,0,7,56,56,0.0532,0.149,6,0,0.8,7,9,5,7,16,12,16,0.2902,0.0902,4,15,85,12,11,10,3,8,0.3472,0.2176,3,151.2569,198.5138
69,84,31,16,13,8,440,290,0.2092,0.116500121,0.7056,0.662189,0.72524078,0.72524454,303.6,94.12,9.7,290.5,1.3503,0.9115,7,8,1,6,48,56,0.0315,0.149,6,0,0.8,7,10,5,8,17,12,18,0.3714,0.0825,4,15,90,11,10,9,2,8,0.3405,0.2198,2,161.0537,213.1075
69,85,31,15,16,11,440,290,0.2171,0.145112158,0.7225,0.675684,0.72777959,0.72778335,303.6,94.12,9.7,290.5,1.3503,0.9115,7,12,-1,8,96,84,0.0179,0.1304,6,1,0.3,5,8,3,6,14,8,14,0.7364,0.0436,5,10,20,11,14,13,3,10,0.7813,0.0729,3,23.8988,12.7976
69,86,31,14,14,10,440,290,0.2252,0.161526478,0.7396,0.689315,0.73027224,0.730276,303.6,94.12,9.7,290.5,1.3503,0.9115,7,12,0,7,84,84,0.0435,0.149,6,1,0.3,5,9,3,7,15,8,16,0.7893,0.0361,5,10,25,12,13,12,2,10,0.576,0.1413,2,35.7243,31.4486
69,87,31,13,14,11,440,290,0.2334,0.143810671,0.7569,0.703082,0.73271999,0.73272375,303.6,94.12,9.7,290.5,1.3503,0.9115,7,12,1,6,72,84,0.0191,0.149,6,1,0.3,5,10,3,8,16,8,18,0.844,0.0297,5,10,30,11,12,11,1,10,0.5793,0.1402,1,39.3422,33.6844
69,88,31,12,14,7,440,290,0.2417,0.035155459,0.7744,0.716985,0.73512401,0.73512777,303.6,94.12,9.7,290.5,1.3503,0.9115,8,5,-1,9,45,40,0.044,0.1241,6,1,0.3,6,8,4,6,15,10,14,0.7542,0.054,5,10,35,12,14,13,3,10,0.6815,0.1062,3,38.1819,26.3637
69,89,31,11,19,9,440,290,0.2502,0.012714996,0.7921,0.731025,0.73748546,0.73748923,303.6,94.12,9.7,290.5,1.3503,0.9115,8,5,0,8,40,40,0.0629,0.1396,6,1,0.3,6,9,4,7,16,10,16,0.8045,0.045,5,10,40,11,13,12,2,10,0.6887,0.1038,2,40.9305,26.861
69,90,31,10,17,11,440,290,0.2588,0.119959384,0.81,0.7452,0.73980546,0.73980922,303.6,94.12,9.7,290.5,1.3503,0.9115,8,5,1,7,35,40,0.0485,0.1396,6,1,0.3,6,10,4,8,17,10,18,0.856,0.037,5,10,45,12,12,11,1,10,0.4616,0.1795,1,65.4917,70.9834
70,59,30,41,14,8,460,320,0.0675,0.072115585,0.3481,0.371186,0.63829081,0.63829412,322,96.6,9.83,320.5,0.1526,0.5606,8,4,-1,9,36,32,0.0522,0.1241,6,1,0.3,7,8,5,6,16,12,14,0.74,0.064,5,10,50,11,14,13,3,10,0.7813,0.0729,3,43.0978,21.1956
70,60,30,40,13,10,460,320,0.0716,0.167790298,0.36,0.381306,0.64259037,0.64259372,322,96.6,9.83,320.5,0.1526,0.5606,8,4,0,8,32,32,0.0703,0.1396,6,1,0.3,7,9,5,7,17,12,16,0.7924,0.0548,5,10,55,12,13,12,2,10,0.576,0.1413,2,61.7676,53.5351
70,61,30,39,20,13,450,310,0.0758,0.10677029,0.3721,0.391563,0.64679042,0.6467938,315,94.5,9.72,310.5,0.4629,0.6783,8,4,1,7,28,32,0.0579,0.1396,6,1,0.3,7,10,5,8,18,12,18,0.8465,0.046,5,10,60,11,12,11,1,10,0.5793,0.1402,1,65.237,55.474
70,82,30,18,19,8,430,290,0.2019,0.003249922,0.6724,0.638401,0.71686896,0.7168727,301,90.3,9.5,290.5,1.105,0.8654,8,3,-1,9,27,24,0.0639,0.1241,6,1,0.4,5,8,3,6,14,8,14,0.6423,0.0525,5,10,65,12,14,13,3,10,0.6815,0.1062,3,60.191,40.382
70,83,30,17,15,8,430,290,0.2097,0.043269351,0.6889,0.651653,0.71952471,0.71952846,301,90.3,9.5,290.5,1.105,0.8654,8,3,0,8,24,24,0.0812,0.1396,6,1,0.4,5,9,3,7,15,8,16,0.7066,0.0451,5,10,70,11,13,12,2,10,0.6887,0.1038,2,62.7108,40.4215
70,84,30,16,14,9,430,290,0.2176,0.126202274,0.7056,0.66504,0.72213149,0.72213524,301,90.3,9.5,290.5,1.105,0.8654,8,3,1,7,21,24,0.0713,0.1396,6,1,0.4,5,10,3,8,16,8,18,0.7767,0.0381,5,10,75,12,12,11,1,10,0.4616,0.1795,1,97.9876,105.9751
70,85,30,15,19,13,430,290,0.2256,0.131121409,0.7225,0.678564,0.72469062,0.72469438,301,90.3,9.5,290.5,1.105,0.8654,8,6,-1,9,54,48,0.0378,0.1241,6,1,0.4,6,8,4,6,15,10,14,0.6636,0.0604,5,10,80,11,14,13,3,10,0.7813,0.0729,3,62.2968,29.5936
70,86,30,14,15,6,430,290,0.2338,0.004636002,0.7396,0.692224,0.7272034,0.72720716,301,90.3,9.5,290.5,1.105,0.8654,8,6,0,8,48,48,0.0575,0.1396,6,1,0.4,6,9,4,7,16,10,16,0.7257,0.0527,5,10,85,12,13,12,2,10,0.576,0.1413,2,87.8108,75.6216
70,87,30,13,18,10,430,290,0.2421,0.045054212,0.7569,0.70602,0.72967106,0.72967482,301,90.3,9.5,290.5,1.105,0.8654,8,6,1,7,42,48,0.0415,0.1396,6,1,0.4,6,10,4,8,17,10,18,0.7926,0.0451,5,10,90,11,12,11,1,10,0.5793,0.1402,1,91.1318,77.2636
70,88,30,12,16,9,430,290,0.2505,0.056791023,0.7744,0.719952,0.73209479,0.73209855,301,90.3,9.5,290.5,1.105,0.8654,8,10,-1,9,90,80,0.023,0.1241,6,1,0.4,7,8,5,6,16,12,14,0.6466,0.0672,5,11,20,12,15,14,1,10,0.772,0.076,1,23.8153,11.6306
70,89,30,11,20,10,430,290,0.2591,0.01540854,0.7921,0.73402,0.73447574,0.73447951,301,90.3,9.5,290.5,1.105,0.8654,8,10,0,8,80,80,0.0446,0.1396,6,1,0.4,7,9,5,7,17,12,16,0.7105,0.0603,5,11,25,13,14,13,3,10,0.573,0.1423,3,37.2738,33.5477
70,90,30,10,18,10,430,290,0.2678,0.045054212,0.81,0.748225,0.73681504,0.7368188,301,90.3,9.5,290.5,1.105,0.8654,8,10,1,7,70,80,0.0248,0.1396,6,1,0.4,7,10,5,8,18,12,18,0.78,0.0528,5,11,30,12,13,12,2,10,0.576,0.1413,2,40.933,35.8659
71,59,29,41,15,11,450,310,0.0712,0.163631874,0.3481,0.373321,0.63463973,0.63464301,319.5,92.65,9.63,310.5,0.935,0.8251,8,12,-1,9,108,96,0.0187,0.1241,6,1,0.6,5,8,3,6,14,8,14,0.4439,0.0704,5,11,35,13,15,14,1,10,0.6751,0.1083,1,38.2704,25.5408
71,60,29,40,15,10,450,310,0.0754,0.133671109,0.36,0.383471,0.63896359,0.63896691,319.5,92.65,9.63,310.5,0.935,0.8251,8,12,0,8,96,96,0.0407,0.1396,6,1,0.6,5,9,3,7,15,8,16,0.5169,0.0631,5,11,40,12,14,13,3,10,0.6815,0.1062,3,42.5837,29.1674
71,61,29,39,14,7,440,310,0.0798,0.026922272,0.3721,0.393756,0.64318787,0.64319122,312.4,90.6,9.52,310.5,0.1996,0.5791,8,12,1,7,84,96,0.0199,0.1396,6,1,0.6,5,10,3,8,16,8,18,0.6072,0.0548,5,11,45,13,13,12,2,10,0.4631,0.179,2,66.8598,72.7197
71,82,29,18,17,10,420,290,0.21,0.064238516,0.6724,0.641201,0.71373901,0.71374275,298.2,86.48,9.3,290.5,0.828,0.7962,9,5,-1,10,50,45,0.0431,0.1186,6,1,0.6,6,8,4,6,15,10,14,0.4672,0.0732,5,11,50,12,15,14,1,10,0.772,0.076,1,43.2448,20.4895
71,83,29,17,14,7,420,290,0.2179,0.026922272,0.6889,0.654481,0.71641516,0.71641891,298.2,86.48,9.3,290.5,0.828,0.7962,9,5,0,9,45,45,0.0594,0.1318,6,1,0.6,6,9,4,7,16,10,16,0.5403,0.0682,5,11,55,13,14,13,3,10,0.573,0.1423,3,63.4498,55.8996
71,84,29,16,20,12,420,290,0.226,0.062044394,0.7056,0.667898,0.71904215,0.71904589,298.2,86.48,9.3,290.5,0.828,0.7962,9,5,1,8,40,45,0.0472,0.1318,6,1,0.6,6,10,4,8,17,10,18,0.6294,0.0613,5,11,60,12,13,12,2,10,0.576,0.1413,2,66.9762,57.9524
71,85,29,15,13,6,420,290,0.2341,0.017500935,0.7225,0.68145,0.72162129,0.72162504,298.2,86.48,9.3,290.5,0.828,0.7962,9,4,-1,10,40,36,0.0508,0.1186,6,1,0.6,7,8,5,6,16,12,14,0.4485,0.0737,5,11,65,13,15,14,1,10,0.6751,0.1083,1,60.4883,39.9766
71,86,29,14,16,9,420,290,0.2424,0.05089319,0.7396,0.695139,0.72415387,0.72415762,298.2,86.48,9.3,290.5,0.828,0.7962,9,4,0,9,36,36,0.0663,0.1318,6,1,0.6,7,9,5,7,17,12,16,0.5216,0.0714,5,11,70,12,14,13,3,10,0.6815,0.1062,3,64.5928,43.1856
71,87,29,13,19,10,420,290,0.2508,0.022960451,0.7569,0.708964,0.72664112,0.72664488,298.2,86.48,9.3,290.5,0.828,0.7962,9,4,1,8,32,36,0.0558,0.1318,6,1,0.6,7,10,5,8,18,12,18,0.6117,0.0664,5,11,75,13,13,12,2,10,0.4631,0.179,2,99.2499,107.4998
71,88,29,12,13,6,420,290,0.2594,0.017500935,0.7744,0.722925,0.72908426,0.72908802,298.2,86.48,9.3,290.5,0.828,0.7962,9,3,-1,10,30,27,0.0618,0.1186,6,1,0.7,5,8,3,6,14,8,14,0.3391,0.0793,5,11,80,12,15,14,1,10,0.772,0.076,1,62.6742,29.3484
71,89,29,11,16,10,420,290,0.268,0.096911554,0.7921,0.737022,0.73148441,0.73148818,298.2,86.48,9.3,290.5,0.828,0.7962,9,3,0,9,27,27,0.0765,0.1318,6,1,0.7,5,9,3,7,15,8,16,0.4076,0.0722,5,11,85,13,14,13,3,10,0.573,0.1423,3,89.6258,78.2516
71,90,29,10,17,8,420,290,0.2768,0.010717039,0.81,0.751255,0.73384272,0.73384648,298.2,86.48,9.3,290.5,0.828,0.7962,9,3,1,8,24,27,0.0682,0.1318,6,1,0.7,5,10,3,8,16,8,18,0.4985,0.0632,5,11,90,12,13,12,2,10,0.576,0.1413,2,93.0194,80.0389
72,59,28,41,19,8,440,310,0.075,0.001906132,0.3481,0.375463,0.63101989,0.63102313,316.8,88.7,9.42,310.5,0.6689,0.7482,9,6,-1,10,60,54,0.0373,0.1186,6,1,0.7,6,8,4,6,15,10,14,0.3605,0.0797,5,12,20,9,13,12,2,10,0.8758,0.0414,2,22.1242,7.2484
72,60,28,40,14,10,440,310,0.0794,0.164536832,0.36,0.385641,0.63536744,0.63537072,316.8,88.7,9.42,310.5,0.6689,0.7482,9,6,0,9,54,54,0.0542,0.1318,6,1,0.7,6,9,4,7,16,10,16,0.4304,0.076,5,12,25,10,12,11,1,10,0.6968,0.1011,1,30.6388,19.2776
72,61,28,39,20,12,430,300,0.084,0.055420774,0.3721,0.395956,0.63961533,0.63961865,309.6,86.69,9.31,300.5,0.9774,0.8358,9,6,1,8,48,54,0.0407,0.1318,6,1,0.7,6,10,4,8,17,10,18,0.5219,0.0693,5,12,30,9,11,10,3,10,0.706,0.098,3,34.7867,22.5733
72,82,28,18,14,10,410,290,0.2182,0.164536832,0.6724,0.644006,0.71062951,0.71063324,295.2,82.66,9.09,290.5,0.517,0.6974,9,10,-1,10,100,90,0.0233,0.1186,6,1,0.7,7,8,5,6,16,12,14,0.3433,0.0769,5,12,35,10,13,12,2,10,0.7916,0.0695,2,33.8467,15.6934
72,83,28,17,17,7,410,290,0.2263,0.002379205,0.6889,0.657316,0.71332574,0.71332947,295.2,82.66,9.09,290.5,0.517,0.6974,9,10,0,9,90,90,0.042,0.1318,6,1,0.7,7,9,5,7,17,12,16,0.4121,0.0769,5,12,40,9,12,11,1,10,0.803,0.0657,1,35.9915,14.9831
72,84,28,16,15,11,410,290,0.2344,0.165853127,0.7056,0.670761,0.71597259,0.71597633,295.2,82.66,9.09,290.5,0.517,0.6974,9,10,1,8,80,90,0.025,0.1318,6,1,0.7,7,10,5,8,18,12,18,0.5032,0.0732,5,12,45,10,11,10,3,10,0.583,0.139,3,54.6696,47.3392
72,85,28,15,15,7,410,290,0.2427,0.011380126,0.7225,0.684343,0.71857141,0.71857515,295.2,82.66,9.09,290.5,0.517,0.6974,9,8,-1,10,80,72,0.029,0.1186,6,1,0.8,5,8,3,6,14,8,14,0.2304,0.0882,5,12,50,9,13,12,2,10,0.8758,0.0414,2,39.2519,11.5038
72,86,28,14,19,10,410,290,0.2511,0.019255828,0.7396,0.69806,0.72112347,0.72112722,295.2,82.66,9.09,290.5,0.517,0.6974,9,8,0,9,72,72,0.047,0.1318,6,1,0.8,5,9,3,7,15,8,16,0.2864,0.0812,5,12,55,10,12,11,1,10,0.6968,0.1011,1,52.1665,32.333
72,87,28,13,20,13,410,290,0.2596,0.095007041,0.7569,0.711914,0.72363002,0.72363378,295.2,82.66,9.09,290.5,0.517,0.6974,9,8,1,8,64,72,0.0314,0.1318,6,1,0.8,5,10,3,8,16,8,18,0.367,0.0716,5,12,60,9,11,10,3,10,0.706,0.098,3,56.0335,35.067
72,88,28,12,17,11,410,280,0.2682,0.104023081,0.7744,0.725904,0.72609225,0.72609601,295.2,82.66,9.09,280.5,1.6169,0.947,9,12,-1,10,120,108,0.0191,0.1186,6,1,0.8,6,8,4,6,15,10,14,0.2474,0.0861,5,12,65,10,13,12,2,10,0.7916,0.0695,2,52.7967,23.5934
72,89,28,11,16,7,410,280,0.2769,0.005310725,0.7921,0.74003,0.72851132,0.72851508,295.2,82.66,9.09,280.5,1.6169,0.947,9,12,0,9,108,108,0.0384,0.1318,6,1,0.8,6,9,4,7,16,10,16,0.306,0.0837,5,12,70,9,12,11,1,10,0.803,0.0657,1,54.6713,22.3426
72,90,28,10,20,11,410,280,0.2856,0.026341973,0.81,0.754292,0.73088834,0.7308921,295.2,82.66,9.09,280.5,1.6169,0.947,9,12,1,8,96,108,0.0203,0.1318,6,1,0.8,6,10,4,8,17,10,18,0.3891,0.0774,5,12,75,10,11,10,3,10,0.583,0.139,3,80.3969,68.7937
73,59,27,41,16,7,430,310,0.0789,0.004216363,0.3481,0.37761,0.62743093,0.62743414,313.9,84.75,9.21,310.5,0.3693,0.6441,10,5,-1,11,55,50,0.0422,0.1137,6,1,0.8,7,8,5,6,16,12,14,0.2337,0.0801,5,12,80,9,13,12,2,10,0.8758,0.0414,2,56.3796,15.7592
73,60,27,40,15,7,430,310,0.0835,0.009369695,0.36,0.387818,0.63180156,0.63180481,313.9,84.75,9.21,310.5,0.3693,0.6441,10,5,0,10,50,50,0.0563,0.1251,6,1,0.8,7,9,5,7,17,12,16,0.2902,0.0824,5,12,85,10,12,11,1,10,0.6968,0.1011,1,73.6942,45.3885
73,61,27,39,19,8,420,300,0.0884,0.001426721,0.3721,0.398161,0.63607247,0.63607576,306.6,82.78,9.1,300.5,0.6704,0.7487,10,5,1,9,45,50,0.0458,0.1251,6,1,0.8,7,10,5,8,18,12,18,0.3714,0.08,5,12,90,9,11,10,3,10,0.706,0.098,3,77.2803,47.5606
73,82,27,18,14,11,400,280,0.2265,0.176607355,0.6724,0.646818,0.7075403,0.70754402,292,78.84,8.88,280.5,1.2952,0.9024,10,4,-1,11,44,40,0.0495,0.1137,9,-1,0.3,5,8,3,6,12,8,14,0.4055,0.0632,5,13,20,10,14,13,3,10,0.8645,0.0452,3,23.4789,8.9579
73,83,27,17,20,10,400,280,0.2346,0.008174003,0.6889,0.660156,0.71025625,0.71025998,292,78.84,8.88,280.5,1.2952,0.9024,10,4,0,10,40,40,0.0629,0.1251,9,-1,0.3,5,9,3,7,13,8,16,0.3911,0.0451,5,13,25,11,13,12,2,10,0.6887,0.1038,2,32.2184,21.4368
73,84,27,16,18,12,400,280,0.2429,0.109808816,0.7056,0.673631,0.71292265,0.71292638,292,78.84,8.88,280.5,1.2952,0.9024,10,4,1,9,36,40,0.0539,0.1251,9,-1,0.3,5,10,3,8,14,8,18,0.4035,0.0315,5,13,30,10,12,11,1,10,0.6968,0.1011,1,34.9443,21.8887
73,85,27,15,14,8,400,280,0.2513,0.05361456,0.7225,0.687241,0.71554082,0.71554457,292,78.84,8.88,280.5,1.2952,0.9024,10,3,-1,11,33,30,0.0599,0.1137,9,-1,0.3,6,8,4,6,13,10,14,0.5642,0.0828,5,13,35,11,14,13,3,10,0.7813,0.0729,3,35.4182,17.8364
73,86,27,14,20,11,400,280,0.2597,0.022100082,0.7396,0.700988,0.71811206,0.71811581,292,78.84,8.88,280.5,1.2952,0.9024,10,3,0,10,30,30,0.0726,0.1251,9,-1,0.3,6,9,4,7,14,10,16,0.5494,0.0644,5,13,40,10,13,12,2,10,0.7916,0.0695,2,37.6367,17.2734
73,87,27,13,13,8,400,280,0.2683,0.091648821,0.7569,0.71487,0.7206376,0.72064135,292,78.84,8.88,280.5,1.2952,0.9024,10,3,1,9,27,30,0.0655,0.1251,9,-1,0.3,6,10,4,8,15,10,18,0.5621,0.0479,5,13,45,11,12,11,1,10,0.5793,0.1402,1,54.8791,46.7582
73,88,27,12,12,8,400,280,0.2769,0.141433366,0.7744,0.728889,0.72311863,0.72312239,292,78.84,8.88,280.5,1.2952,0.9024,10,6,-1,11,66,60,0.0367,0.1137,9,-1,0.3,7,8,5,6,14,12,14,0.656,0.0951,5,13,50,10,14,13,3,10,0.8645,0.0452,3,40.8307,13.6614
73,89,27,11,15,10,400,280,0.2856,0.123455799,0.7921,0.743044,0.72555632,0.72556008,292,78.84,8.88,280.5,1.2952,0.9024,10,6,0,10,60,60,0.0514,0.1251,9,-1,0.3,7,9,5,7,15,12,16,0.6423,0.0804,5,13,55,11,13,12,2,10,0.6887,0.1038,2,53.9987,34.9973
73,90,27,10,20,13,400,280,0.2944,0.088119221,0.81,0.757335,0.72795177,0.72795553,292,78.84,8.88,280.5,1.2952,0.9024,10,6,1,9,54,60,0.0397,0.1251,9,-1,0.3,7,10,5,8,16,12,18,0.6541,0.0645,5,13,60,10,12,11,1,10,0.6968,0.1011,1,56.4721,34.9441
74,59,26,41,19,8,420,300,0.083,0.001050305,0.3481,0.379764,0.6238725,0.62387568,310.8,80.81,8.99,300.5,1.1458,0.8741,10,8,-1,11,88,80,0.0288,0.1137,9,-1,0.4,5,8,3,6,12,8,14,0.3048,0.0682,5,13,65,11,14,13,3,10,0.7813,0.0729,3,54.6172,26.2344
74,60,26,40,13,7,420,300,0.0878,0.034684393,0.36,0.39,0.62826561,0.62826883,310.8,80.81,8.99,300.5,1.1458,0.8741,10,8,0,10,80,80,0.0446,0.1251,9,-1,0.4,5,9,3,7,13,8,16,0.2922,0.0503,5,13,70,10,13,12,2,10,0.7916,0.0695,2,56.5867,25.1734
74,61,26,39,12,8,410,300,0.0928,0.135600437,0.3721,0.400373,0.63255898,0.63256223,303.4,78.88,8.88,300.5,0.3265,0.628,10,8,1,9,72,80,0.031,0.1251,9,-1,0.4,5,10,3,8,14,8,18,0.303,0.0363,5,13,75,11,12,11,1,10,0.5793,0.1402,1,80.7739,68.5478
74,82,26,18,20,12,390,280,0.2348,0.04255845,0.6724,0.649636,0.70447118,0.70447489,288.6,75.04,8.66,280.5,0.9351,0.8251,10,12,-1,11,132,120,0.0194,0.1137,9,-1,0.4,6,8,4,6,13,10,14,0.4542,0.0861,5,13,80,10,14,13,3,10,0.8645,0.0452,3,58.1825,18.365
74,83,26,17,20,13,390,280,0.2431,0.08075193,0.6889,0.663003,0.70720653,0.70721025,288.6,75.04,8.66,280.5,0.9351,0.8251,10,12,0,10,120,120,0.0364,0.1251,9,-1,0.4,6,9,4,7,14,10,16,0.4394,0.0685,5,13,85,11,13,12,2,10,0.6887,0.1038,2,75.7789,48.5579
74,84,26,16,20,9,390,280,0.2514,0.001845911,0.7056,0.676506,0.70989215,0.70989588,288.6,75.04,8.66,280.5,0.9351,0.8251,10,12,1,9,108,120,0.0206,0.1251,9,-1,0.4,6,10,4,8,15,10,18,0.4522,0.0523,5,13,90,10,12,11,1,10,0.6968,0.1011,1,77.9998,47.9996
74,85,26,15,18,12,390,280,0.2598,0.103086317,0.7225,0.690146,0.71252937,0.71253311,288.6,75.04,8.66,280.5,0.9351,0.8251,11,5,-1,12,60,55,0.0412,0.1094,9,-1,0.4,7,8,5,6,14,12,14,0.5507,0.0967,5,14,20,11,15,14,1,10,0.854,0.0487,1,23.3325,7.6651
74,86,26,14,18,8,390,280,0.2684,0.002468665,0.7396,0.703921,0.71511948,0.71512322,288.6,75.04,8.66,280.5,0.9351,0.8251,11,5,0,11,55,55,0.0537,0.1194,9,-1,0.4,7,9,5,7,15,12,16,0.5358,0.0831,5,14,25,12,14,13,3,10,0.6815,0.1062,3,33.78,23.5601
74,87,26,13,15,6,390,280,0.2769,0.001784903,0.7569,0.717833,0.7176637,0.71766745,288.6,75.04,8.66,280.5,0.9351,0.8251,11,5,1,10,50,55,0.0446,0.1194,9,-1,0.4,7,10,5,8,16,12,18,0.5487,0.0679,5,14,30,11,13,12,2,10,0.6887,0.1038,2,36.5744,24.1489
74,88,26,12,18,13,390,280,0.2856,0.146699759,0.7744,0.73188,0.72016324,0.72016699,288.6,75.04,8.66,280.5,0.9351,0.8251,11,4,-1,12,48,44,0.0482,0.1094,9,-1,0.6,5,8,3,6,12,8,14,0.1631,0.0783,5,14,35,12,15,14,1,10,0.772,0.076,1,35.473,16.946
74,89,26,11,16,8,390,280,0.2943,0.012083398,0.7921,0.746064,0.72261926,0.72262302,288.6,75.04,8.66,280.5,0.9351,0.8251,11,4,0,11,44,44,0.06,0.1194,9,-1,0.6,5,9,3,7,13,8,16,0.155,0.0607,5,14,40,11,14,13,3,10,0.7813,0.0729,3,39.258,19.516
74,90,26,10,17,10,390,280,0.303,0.045243548,0.81,0.760384,0.72503287,0.72503663,288.6,75.04,8.66,280.5,0.9351,0.8251,11,4,1,10,40,44,0.0522,0.1194,9,-1,0.6,5,10,3,8,14,8,18,0.162,0.0461,5,14,45,12,13,12,2,10,0.576,0.1413,2,56.5589,49.1178
75,59,25,41,16,9,410,300,0.0872,0.029490354,0.3481,0.381924,0.62034427,0.62034741,307.5,76.88,8.77,300.5,0.7984,0.7877,11,3,-1,12,36,33,0.0581,0.1094,9,-1,0.6,6,8,4,6,13,10,14,0.27,0.0928,5,14,50,11,15,14,1,10,0.854,0.0487,1,40.896,12.7921
75,60,25,40,18,8,410,300,0.0923,0.0018568,0.36,0.392189,0.62475927,0.62476245,307.5,76.88,8.77,300.5,0.7984,0.7877,11,3,0,11,33,33,0.0693,0.1194,9,-1,0.6,6,9,4,7,14,10,16,0.2583,0.0766,5,14,55,12,14,13,3,10,0.6815,0.1062,3,55.7892,37.5783
75,61,25,39,20,9,400,290,0.0975,0.001353038,0.3721,0.40259,0.62907451,0.62907773,3,75,8.66,290.5,1.097,0.8637,11,3,1,10,30,33,0.0631,0.1194,9,-1,0.6,6,10,4,8,15,10,18,0.2684,0.061,5,14,60,11,13,12,2,10,0.6887,0.1038,2,58.3547,37.7094
75,82,25,18,18,8,380,280,0.2432,0.0018568,0.6724,0.65246,0.70142199,0.70142569,285,71.25,8.44,280.5,0.5331,0.703,11,6,-1,12,72,66,0.036,0.1094,9,-1,0.6,7,8,5,6,14,12,14,0.3527,0.0998,5,14,65,12,15,14,1,10,0.772,0.076,1,54.9024,25.8048
75,83,25,17,13,8,380,280,0.2515,0.077431083,0.6889,0.665856,0.70417642,0.70418013,285,71.25,8.44,280.5,0.5331,0.703,11,6,0,11,66,66,0.049,0.1194,9,-1,0.6,7,9,5,7,15,12,16,0.3391,0.0885,5,14,70,11,14,13,3,10,0.7813,0.0729,3,58.457,27.914
75,84,25,16,13,9,380,280,0.2599,0.14518328,0.7056,0.679388,0.70688094,0.70688466,285,71.25,8.44,280.5,0.5331,0.703,11,6,1,10,60,66,0.0388,0.1194,9,-1,0.6,7,10,5,8,16,12,18,0.3508,0.0748,5,14,75,12,13,12,2,10,0.576,0.1413,2,82.6021,71.2043
75,85,25,15,12,5,380,280,0.2684,0.004779696,0.7225,0.693056,0.7095369,0.70954062,285,71.25,8.44,280.5,0.5331,0.703,11,10,-1,12,120,110,0.0234,0.1094,9,-1,0.7,5,8,3,6,12,8,14,0.1113,0.0833,5,14,80,11,15,14,1,10,0.854,0.0487,1,58.4595,17.9191
75,86,25,14,12,8,380,280,0.2769,0.129051805,0.7396,0.706861,0.71214556,0.71214929,285,71.25,8.44,280.5,0.5331,0.703,11,10,0,11,110,110,0.038,0.1194,9,-1,0.7,5,9,3,7,13,8,16,0.1055,0.0659,5,14,85,12,14,13,3,10,0.6815,0.1062,3,77.7983,51.5966
75,87,25,13,16,11,380,280,0.2855,0.123859486,0.7569,0.720801,0.71470818,0.71471191,285,71.25,8.44,280.5,0.5331,0.703,11,10,1,10,100,110,0.0249,0.1194,9,-1,0.7,5,10,3,8,14,8,18,0.1105,0.0509,5,14,90,11,13,12,2,10,0.6887,0.1038,2,80.135,51.27
75,88,25,12,16,9,380,280,0.2941,0.029490354,0.7744,0.734878,0.71722594,0.71722968,285,71.25,8.44,280.5,0.5331,0.703,11,8,-1,12,96,88,0.0286,0.1094,9,-1,0.7,6,8,4,6,13,10,14,0.1921,0.0961,5,15,20,12,13,12,2,10,0.576,0.1413,2,35.7243,31.4486
75,89,25,11,19,11,380,280,0.3027,0.028200151,0.7921,0.74909,0.7197,0.71970375,285,71.25,8.44,280.5,0.5331,0.703,11,8,0,11,88,88,0.0425,0.1194,9,-1,0.7,6,9,4,7,14,10,16,0.183,0.0807,5,15,25,13,12,11,1,10,0.3532,0.2156,1,64.2096,83.4192
75,90,25,10,17,8,380,270,0.3114,0.004368941,0.81,0.763439,0.72213149,0.72213524,285,71.25,8.44,270.5,1.7178,0.9571,11,8,1,10,80,88,0.0306,0.1194,9,-1,0.7,6,10,4,8,15,10,18,0.1908,0.0654,5,15,30,12,11,10,3,10,0.3472,0.2176,3,73.4985,96.997
76,59,24,41,18,8,400,300,0.0916,0.001372449,0.3481,0.38409,0.61684587,0.61684898,304,72.96,8.54,300.5,0.4098,0.659,11,12,-1,12,144,132,0.0196,0.1094,9,-1,0.7,7,8,5,6,14,12,14,0.2594,0.1013,5,15,35,13,13,12,2,10,0.4631,0.179,2,60.3818,65.7636
76,60,24,40,19,13,400,300,0.0969,0.100118817,0.36,0.394384,0.6212822,0.62128535,304,72.96,8.54,300.5,0.4098,0.659,11,12,0,11,132,132,0.0347,0.1194,9,-1,0.7,7,9,5,7,15,12,16,0.248,0.0912,5,15,40,12,12,11,1,10,0.4616,0.1795,1,65.4917,70.9834
76,61,24,39,18,12,390,290,0.1023,0.087823524,0.3721,0.404814,0.62561876,0.62562195,296.4,71.14,8.43,290.5,0.6995,0.7579,11,12,1,10,120,132,0.0207,0.1194,9,-1,0.7,7,10,5,8,16,12,18,0.2578,0.0782,5,15,45,13,11,10,3,10,0.2517,0.2494,3,130.6312,196.2624
76,82,24,18,20,11,370,270,0.2516,0.011923925,0.6724,0.65529,0.69839256,0.69839625,281.2,67.49,8.22,270.5,1.3025,0.9036,12,5,-1,13,65,60,0.0403,0.1056,9,-1,0.8,5,8,3,6,12,8,14,0.0681,0.0884,5,15,50,12,13,12,2,10,0.576,0.1413,2,61.7676,53.5351
76,83,24,17,17,8,370,270,0.26,0.003363845,0.6889,0.668715,0.70116574,0.70116943,281.2,67.49,8.22,270.5,1.3025,0.9036,12,5,0,12,60,60,0.0514,0.1144,9,-1,0.8,5,9,3,7,13,8,16,0.0644,0.071,5,15,55,13,12,11,1,10,0.3532,0.2156,1,106.6827,138.3654
76,84,24,16,18,10,370,270,0.2684,0.017203262,0.7056,0.682276,0.70388885,0.70389256,281.2,67.49,8.22,270.5,1.3025,0.9036,12,5,1,11,55,60,0.0433,0.1144,9,-1,0.8,5,10,3,8,14,8,18,0.0676,0.0558,5,15,60,12,11,10,3,10,0.3472,0.2176,3,116.6976,153.3952
76,85,24,15,19,8,370,270,0.2769,0.000538998,0.7225,0.695973,0.70656323,0.70656695,281.2,67.49,8.22,270.5,1.3025,0.9036,12,4,-1,13,52,48,0.047,0.1056,9,-1,0.8,6,8,4,6,13,10,14,0.1218,0.0994,5,15,65,13,13,12,2,10,0.4631,0.179,2,92.7719,100.5438
76,86,24,14,13,10,370,270,0.2854,0.195520513,0.7396,0.709806,0.70919016,0.70919388,281.2,67.49,8.22,270.5,1.3025,0.9036,12,4,0,12,48,48,0.0575,0.1144,9,-1,0.8,6,9,4,7,14,10,16,0.1155,0.0848,5,15,70,12,12,11,1,10,0.4616,0.1795,1,97.9876,105.9751
76,87,24,13,15,9,370,270,0.294,0.048545068,0.7569,0.723776,0.71177087,0.7117746,281.2,67.49,8.22,270.5,1.3025,0.9036,12,4,1,11,44,48,0.0506,0.1144,9,-1,0.8,6,10,4,8,15,10,18,0.1209,0.0698,5,15,75,13,11,10,3,10,0.2517,0.2494,3,190.2302,285.4604
76,88,24,12,12,7,370,270,0.3025,0.05387575,0.7744,0.737881,0.71430656,0.7143103,281.2,67.49,8.22,270.5,1.3025,0.9036,12,3,-1,13,39,36,0.0564,0.1056,9,-1,0.8,7,8,5,6,14,12,14,0.1697,0.1029,5,15,80,12,13,12,2,10,0.576,0.1413,2,87.8108,75.6216
76,89,24,11,15,7,370,270,0.3111,0.004841059,0.7921,0.752123,0.7167984,0.71680214,281.2,67.49,8.22,270.5,1.3025,0.9036,12,3,0,12,36,36,0.0663,0.1144,9,-1,0.8,7,9,5,7,15,12,16,0.1614,0.0939,5,15,85,13,12,11,1,10,0.3532,0.2156,1,149.1558,193.3115
76,90,24,10,16,9,370,270,0.3196,0.024966035,0.81,0.7665,0.71924749,0.71925123,281.2,67.49,8.22,270.5,1.3025,0.9036,12,3,1,11,33,36,0.0609,0.1144,9,-1,0.8,7,10,5,8,16,12,18,0.1685,0.0816,5,15,90,12,11,10,3,10,0.3472,0.2176,3,159.8967,209.7934
77,59,23,41,19,11,390,290,0.0961,0.01933206,0.3481,0.386262,0.61337699,0.61338006,300.3,69.07,8.31,290.5,1.1792,0.8808,12,6,-1,13,78,72,0.0354,0.1056,9,0,0.3,5,8,3,6,13,8,14,0.4055,0.0525,6,10,20,12,12,11,1,12,0.4616,0.1795,1,39.495,42.9901
77,60,23,40,14,9,390,290,0.1016,0.078819605,0.36,0.396585,0.61783407,0.61783719,300.3,69.07,8.31,290.5,1.1792,0.8808,12,6,0,12,72,72,0.047,0.1144,9,0,0.3,5,9,3,7,14,8,16,0.3911,0.0398,6,10,25,13,11,10,3,12,0.2517,0.2494,3,82.952,124.904
77,61,23,39,16,8,380,290,0.1072,0.006227261,0.3721,0.407044,0.6221914,0.62219456,292.6,67.3,8.2,290.5,0.256,0.601,12,6,1,11,66,72,0.0379,0.1144,9,0,0.3,5,10,3,8,15,8,18,0.4035,0.0299,6,10,30,12,10,9,2,12,0.2424,0.2525,2,95.8876,145.7751
77,82,23,18,18,8,360,270,0.26,0.000995587,0.6724,0.658127,0.69538271,0.69538638,277.2,63.76,7.98,270.5,0.8391,0.7993,12,10,-1,13,130,120,0.0233,0.1056,9,0,0.3,6,8,4,6,14,10,14,0.5642,0.0683,6,10,35,13,12,11,1,12,0.3532,0.2156,1,72.7042,94.4084
77,83,23,17,17,12,360,270,0.2684,0.122126669,0.6889,0.67158,0.69817432,0.69817801,277.2,63.76,7.98,270.5,0.8391,0.7993,12,10,0,12,120,120,0.0364,0.1144,9,0,0.3,6,9,4,7,15,10,16,0.5494,0.0541,6,10,40,12,11,10,3,12,0.3472,0.2176,3,82.1383,108.2767
77,84,23,16,19,9,360,270,0.2769,0.001724854,0.7056,0.68517,0.70091572,0.70091942,277.2,63.76,7.98,270.5,0.8391,0.7993,12,10,1,11,110,120,0.0248,0.1144,9,0,0.3,6,10,4,8,16,10,18,0.5621,0.0417,6,10,45,13,10,9,2,12,0.1658,0.2781,2,184.9434,308.8868
77,85,23,15,13,5,360,270,0.2853,0.001049256,0.7225,0.698896,0.70360822,0.70361193,277.2,63.76,7.98,270.5,0.8391,0.7993,12,8,-1,13,104,96,0.0283,0.1056,9,0,0.3,7,8,5,6,15,12,14,0.656,0.0804,6,10,50,12,12,11,1,12,0.4616,0.1795,1,71.9909,77.9818
77,86,23,14,17,12,360,270,0.2938,0.122126669,0.7396,0.712758,0.70625311,0.70625683,277.2,63.76,7.98,270.5,0.8391,0.7993,12,8,0,12,96,96,0.0407,0.1144,9,0,0.3,7,9,5,7,16,12,16,0.6423,0.0678,6,10,55,13,11,10,3,12,0.2517,0.2494,3,142.551,214.102
77,87,23,13,20,10,360,270,0.3023,0.002803846,0.7569,0.726756,0.70885164,0.70885536,277.2,63.76,7.98,270.5,0.8391,0.7993,12,8,1,11,88,96,0.0302,0.1144,9,0,0.3,7,10,5,8,17,12,18,0.6541,0.0549,6,10,60,12,10,9,2,12,0.2424,0.2525,2,157.7707,239.5415
77,88,23,12,13,9,360,270,0.3107,0.131805359,0.7744,0.740891,0.71140498,0.71140871,277.2,63.76,7.98,270.5,0.8391,0.7993,13,5,-1,14,70,65,0.0395,0.1021,9,0,0.4,5,8,3,6,13,8,14,0.3048,0.0602,6,10,65,13,12,11,1,12,0.3532,0.2156,1,115.1773,149.3546
77,89,23,11,12,10,360,270,0.3191,0.213169768,0.7921,0.755161,0.71391431,0.71391804,277.2,63.76,7.98,270.5,0.8391,0.7993,13,5,0,13,65,65,0.0494,0.1099,9,0,0.4,5,9,3,7,14,8,16,0.2922,0.0474,6,10,70,12,11,10,3,12,0.3472,0.2176,3,125.3374,164.6749
77,90,23,10,19,13,360,270,0.3275,0.091921691,0.81,0.769568,0.71638073,0.71638447,277.2,63.76,7.98,270.5,0.8391,0.7993,13,5,1,12,60,65,0.0422,0.1099,9,0,0.4,5,10,3,8,15,8,18,0.303,0.0368,6,10,75,13,10,9,2,12,0.1658,0.2781,2,275.4074,459.8147
78,59,22,41,15,8,380,290,0.1008,0.011729051,0.3481,0.38844,0.60993729,0.60994032,296.4,65.21,8.08,290.5,0.7306,0.7675,13,4,-1,14,56,52,0.0458,0.1021,9,0,0.4,6,8,4,6,14,10,14,0.4542,0.0736,6,10,80,12,12,11,1,12,0.4616,0.1795,1,104.4867,112.9735
78,60,22,40,12,6,380,290,0.1065,0.011796296,0.36,0.398792,0.61441458,0.61441766,296.4,65.21,8.08,290.5,0.7306,0.7675,13,4,0,13,52,52,0.0552,0.1099,9,0,0.4,6,9,4,7,15,10,16,0.4394,0.0605,6,10,85,13,11,10,3,12,0.2517,0.2494,3,202.15,303.3
78,61,22,39,13,9,370,280,0.1123,0.123921695,0.3721,0.40928,0.61879214,0.61879526,288.6,63.49,7.97,280.5,1.0165,0.8453,13,4,1,12,48,52,0.0491,0.1099,9,0,0.4,6,10,4,8,16,10,18,0.4522,0.0484,6,10,90,12,10,9,2,12,0.2424,0.2525,2,219.6539,333.3079
78,82,22,18,14,11,350,270,0.2684,0.198004338,0.6724,0.660969,0.69239227,0.69239594,273,60.06,7.75,270.5,0.3226,0.6265,13,3,-1,14,42,39,0.0549,0.1021,9,0,0.4,7,8,5,6,15,12,14,0.5507,0.083,6,11,20,13,13,12,2,12,0.4631,0.179,2,40.9478,44.8955
78,83,22,17,20,9,350,270,0.2769,0.000471975,0.6889,0.674452,0.69520201,0.69520569,273,60.06,7.75,270.5,0.3226,0.6265,13,3,0,13,39,39,0.0637,0.1099,9,0,0.4,7,9,5,7,16,12,16,0.5358,0.0723,6,11,25,14,12,11,1,12,0.26,0.2467,1,81.2568,120.5137
78,84,22,16,15,8,350,270,0.2853,0.011729051,0.7056,0.68807,0.69796138,0.69796507,273,60.06,7.75,270.5,0.3226,0.6265,13,3,1,12,36,39,0.0589,0.1099,9,0,0.4,7,10,5,8,17,12,18,0.5487,0.0604,6,11,30,13,11,10,3,12,0.2517,0.2494,3,94.8718,142.7436
78,85,22,15,19,10,350,270,0.2937,0.004892886,0.7225,0.701825,0.70067171,0.70067541,273,60.06,7.75,270.5,0.3226,0.6265,13,6,-1,14,84,78,0.0347,0.1021,9,0,0.6,5,8,3,6,13,8,14,0.1631,0.0754,6,11,35,14,13,12,2,12,0.3585,0.2138,2,73.5328,95.0656
78,86,22,14,12,10,350,260,0.3021,0.221898353,0.7396,0.715716,0.70333428,0.70333799,273,60.06,7.75,260.5,1.6129,0.9466,13,6,0,13,78,78,0.0451,0.1099,9,0,0.6,5,9,3,7,14,8,16,0.155,0.0626,6,11,40,13,12,11,1,12,0.3532,0.2156,1,81.1988,105.3977
78,87,22,13,13,6,350,260,0.3105,0.004448889,0.7569,0.729743,0.70595032,0.70595404,273,60.06,7.75,260.5,1.6129,0.9466,13,6,1,12,72,78,0.0371,0.1099,9,0,0.6,5,10,3,8,15,8,18,0.162,0.0508,6,11,45,14,11,10,3,12,0.1757,0.2748,3,177.956,293.912
78,88,22,12,19,12,350,260,0.3188,0.040257682,0.7744,0.743906,0.70852104,0.70852476,273,60.06,7.75,260.5,1.6129,0.9466,13,10,-1,14,140,130,0.0232,0.1021,9,0,0.6,6,8,4,6,14,10,14,0.27,0.0844,6,11,50,13,13,12,2,12,0.4631,0.179,2,73.3378,79.6757
78,89,22,11,14,7,350,260,0.327,0.007518622,0.7921,0.758206,0.71104759,0.71105132,273,60.06,7.75,260.5,1.6129,0.9466,13,10,0,13,130,130,0.035,0.1099,9,0,0.6,6,9,4,7,15,10,16,0.2583,0.0734,6,11,55,14,12,11,1,12,0.26,0.2467,1,138.9403,205.8806
78,90,22,10,17,7,350,260,0.3351,0.000373605,0.81,0.772641,0.71353108,0.71353481,273,60.06,7.75,260.5,1.6129,0.9466,13,10,1,12,120,130,0.0245,0.1099,9,0,0.6,6,10,4,8,16,10,18,0.2684,0.0617,6,11,60,13,11,10,3,12,0.2517,0.2494,3,154.4708,231.9416
79,59,21,41,12,7,370,290,0.1057,0.036234985,0.3481,0.390625,0.60652645,0.60652944,292.3,61.38,7.83,290.5,0.2297,0.5909,13,8,-1,14,112,104,0.0279,0.1021,9,0,0.6,7,8,5,6,15,12,14,0.3527,0.0883,6,11,65,14,13,12,2,12,0.3585,0.2138,2,115.3787,148.7574
79,60,21,40,15,6,370,290,0.1116,0.000386545,0.36,0.401005,0.61102339,0.61102644,292.3,61.38,7.83,290.5,0.2297,0.5909,13,8,0,13,104,104,0.0391,0.1099,9,0,0.6,7,9,5,7,16,12,16,0.3391,0.0812,6,11,70,13,12,11,1,12,0.3532,0.2156,1,123.6719,160.3438
79,61,21,39,18,10,360,280,0.1176,0.008705831,0.3721,0.411522,0.61542065,0.61542374,284.4,59.72,7.73,280.5,0.5046,0.6931,13,8,1,12,96,104,0.0297,0.1099,9,0,0.6,7,10,5,8,17,12,18,0.3508,0.0715,6,11,75,14,11,10,3,12,0.1757,0.2748,3,263.3379,434.6758
79,82,21,18,18,12,340,260,0.2768,0.062722183,0.6724,0.663818,0.68942109,0.68942474,268.6,56.41,7.51,260.5,1.0785,0.8596,13,12,-1,14,168,156,0.0196,0.1021,9,0,0.7,5,8,3,6,13,8,14,0.1113,0.0831,6,11,80,13,13,12,2,12,0.4631,0.179,2,105.7279,114.4559
79,83,21,17,19,13,340,260,0.2852,0.074325787,0.6889,0.677329,0.69224864,0.69225231,268.6,56.41,7.51,260.5,1.0785,0.8596,13,12,0,13,156,156,0.0319,0.1099,9,0,0.7,5,9,3,7,14,8,16,0.1055,0.0702,6,11,85,14,12,11,1,12,0.26,0.2467,1,196.6237,291.2475
79,84,21,16,19,12,340,260,0.2936,0.033869979,0.7056,0.690977,0.69502569,0.69502936,268.6,56.41,7.51,260.5,1.0785,0.8596,13,12,1,12,144,156,0.0207,0.1099,9,0,0.7,5,10,3,8,15,8,18,0.1105,0.0577,6,11,90,13,11,10,3,12,0.2517,0.2494,3,214.0698,321.1396
79,85,21,15,17,9,340,260,0.3019,0.005834138,0.7225,0.70476,0.69775355,0.69775723,268.6,56.41,7.51,260.5,1.0785,0.8596,14,5,-1,15,75,70,0.0386,0.0989,9,0,0.7,6,8,4,6,14,10,14,0.1921,0.0898,6,12,20,10,11,10,3,12,0.583,0.139,3,34.0878,30.1757
79,86,21,14,17,9,340,260,0.3102,0.005834138,0.7396,0.71868,0.7004335,0.7004372,268.6,56.41,7.51,260.5,1.0785,0.8596,14,5,0,14,70,70,0.0476,0.106,9,0,0.7,6,9,4,7,15,10,16,0.183,0.0799,6,12,25,11,10,9,2,12,0.3405,0.2198,2,64.1405,85.2809
79,87,21,13,16,11,340,260,0.3184,0.091738115,0.7569,0.732736,0.70306679,0.7030705,268.6,56.41,7.51,260.5,1.0785,0.8596,14,5,1,13,65,70,0.0412,0.106,9,0,0.7,6,10,4,8,16,10,18,0.1908,0.0684,6,12,30,10,9,8,1,12,0.3328,0.2224,1,72.6111,97.2222
79,88,21,12,18,12,340,260,0.3265,0.062722183,0.7744,0.746928,0.7056546,0.70565832,268.6,56.41,7.51,260.5,1.0785,0.8596,14,4,-1,15,60,56,0.0447,0.0989,9,0,0.7,7,8,5,6,15,12,14,0.2594,0.091,6,12,35,11,11,10,3,12,0.4599,0.18,3,59.1226,65.2453
79,89,21,11,13,6,340,260,0.3346,0.00346755,0.7921,0.761256,0.7081981,0.70820182,268.6,56.41,7.51,260.5,1.0785,0.8596,14,4,0,14,56,56,0.0532,0.106,9,0,0.7,7,9,5,7,16,12,16,0.248,0.0857,6,12,40,10,10,9,2,12,0.4579,0.1807,2,64.3285,70.657
79,90,21,10,16,11,340,260,0.3424,0.091738115,0.81,0.775721,0.71069839,0.71070212,268.6,56.41,7.51,260.5,1.0785,0.8596,14,4,1,13,52,56,0.0477,0.106,9,0,0.7,7,10,5,8,17,12,18,0.2578,0.077,6,12,45,11,9,8,1,12,0.232,0.256,1,136.2846,209.5691
80,59,20,41,16,9,360,280,0.1107,0.011055246,0.3481,0.392815,0.60314413,0.60314709,288,57.6,7.59,280.5,0.9882,0.8385,14,3,-1,15,45,42,0.0535,0.0989,9,0,0.8,5,8,3,6,13,8,14,0.0681,0.0907,6,12,50,10,11,10,3,12,0.583,0.139,3,59.8151,51.6301
80,60,20,40,12,5,360,280,0.1168,0.00138412,0.36,0.403225,0.60766021,0.60766322,288,57.6,7.59,280.5,0.9882,0.8385,14,3,0,14,42,42,0.0614,0.106,9,0,0.8,5,9,3,7,14,8,16,0.0644,0.0778,6,12,55,11,10,9,2,12,0.3405,0.2198,2,108.192,143.3839
80,61,20,39,12,9,350,270,0.1231,0.177167401,0.3721,0.41377,0.61207665,0.6120797,28,56,7.48,270.5,1.2695,0.8979,14,3,1,13,39,42,0.0571,0.106,9,0,0.8,5,10,3,8,15,8,18,0.0676,0.0647,6,12,60,10,9,8,1,12,0.3328,0.2224,1,117.6806,157.3611
80,82,20,18,20,12,330,260,0.2852,0.013296526,0.6724,0.666672,0.68646899,0.68647263,264,52.8,7.27,260.5,0.4817,0.685,14,6,-1,15,90,84,0.0341,0.0989,9,0,0.8,6,8,4,6,14,10,14,0.1218,0.0952,6,12,65,11,11,10,3,12,0.4599,0.18,3,91.7392,100.4784